url,page_type,status,final_url,canonical,indexability,sitemap,incoming_links,visible_words,robots,title,description,h1,gsc_status,issues,error
https://sohconsults.com.ng,core,200,https://sohconsults.com.ng,https://sohconsults.com.ng,technically indexable,True,2,616,"index, follow; index, follow, max-video-preview:-1, max-image-preview:large, max-snippet:-1; ","S.O.H CONSULTS | Admission, Education & Consultation","S.O.H CONSULTS provides admission guidance, educational updates, JAMB support, application assistance and the LASU Aggregate & Eligibility Checker.",Your Guide.Your Success.,Unavailable; not individually verified,,
https://sohconsults.com.ng/about,core,200,https://sohconsults.com.ng/about,https://sohconsults.com.ng/about,technically indexable,True,74,771,"index, follow; index, follow, max-video-preview:-1, max-image-preview:large, max-snippet:-1; ",About S.O.H CONSULTS | S.O.H CONSULTS,"Learn about S.O.H CONSULTS and its founder, Oluyepe Adetayo Sunday.",,Unavailable; not individually verified,No H1,
https://sohconsults.com.ng/privacy-policy,core,200,https://sohconsults.com.ng/privacy-policy,https://sohconsults.com.ng/privacy-policy,technically indexable,True,74,288,"index, follow; index, follow, max-video-preview:-1, max-image-preview:large, max-snippet:-1; ",Privacy Policy | S.O.H CONSULTS,How S.O.H CONSULTS handles information shared through its website and contact channels.,Privacy Policy,Unavailable; not individually verified,,
https://sohconsults.com.ng/disclaimer,core,200,https://sohconsults.com.ng/disclaimer,https://sohconsults.com.ng/disclaimer,technically indexable,True,74,1450,"index, follow; index, follow, max-video-preview:-1, max-image-preview:large, max-snippet:-1; ",Disclaimer | S.O.H CONSULTS,"Read the S.O.H CONSULTS business, admission guidance, calculator, privacy and service disclaimer.",Disclaimer,Unavailable; not individually verified,,
https://sohconsults.com.ng/lasu-calculator,core,200,https://sohconsults.com.ng/lasu-calculator,https://sohconsults.com.ng/lasu-calculator,technically indexable,True,6,1520,"index, follow; index, follow, max-video-preview:-1, max-image-preview:large, max-snippet:-1; ",LASU Aggregate Calculator & Eligibility Checker 2026/2027 | S.O.H CONSULTS,"Calculate your LASU aggregate score, check UTME and O'Level requirements, and estimate programme eligibility with the S.O.H CONSULTS LASU Aggregate Calculator.",LASU Aggregate & Eligibility Checker,Unavailable; not individually verified,,
https://sohconsults.com.ng/cgpa-calculator,core,200,https://sohconsults.com.ng/cgpa-calculator,https://sohconsults.com.ng/cgpa-calculator,technically indexable,True,5,107,"index, follow; index, follow, max-video-preview:-1, max-image-preview:large, max-snippet:-1; ",CGPA Calculator & Simulator | S.O.H CONSULTS,"Calculate your semester GPA, current CGPA and simulate the GPA required to reach your target CGPA using LASU or a general Nigerian 5.0 grading system.",Select Your Grading System,Unavailable; not individually verified,,
https://sohconsults.com.ng/updates,core,200,https://sohconsults.com.ng/updates,https://sohconsults.com.ng/updates,technically indexable,True,74,937,"index, follow; index, follow, max-video-preview:-1, max-image-preview:large, max-snippet:-1; ",Latest Admission & Education Updates | S.O.H CONSULTS,"Latest Nigerian admission, JAMB and education updates from S.O.H CONSULTS, simplified for students and applicants.",Latest Updates,Unavailable; not individually verified,,
https://sohconsults.com.ng/opportunities,core,200,https://sohconsults.com.ng/opportunities,https://sohconsults.com.ng/opportunities,technically indexable,True,7,676,"index, follow; index, follow, max-video-preview:-1, max-image-preview:large, max-snippet:-1; ",Admission Opportunities in Nigeria | S.O.H CONSULTS,"Browse current university, polytechnic, college and other admission opportunities, application information and deadlines from S.O.H CONSULTS.",Admission Opportunities,Unavailable; not individually verified,,
https://sohconsults.com.ng/deadlines,core,200,https://sohconsults.com.ng/deadlines,,review,True,5,1331,"index, follow; index, follow, max-video-preview:-1, max-image-preview:large, max-snippet:-1; ","S.O.H CONSULTS | Admission, Education & Consultation","S.O.H CONSULTS provides admission guidance, educational updates, JAMB support, application assistance and the LASU Aggregate & Eligibility Checker.",Admission Deadline Tracker,Unavailable; not individually verified,Canonical mismatch/missing,
https://sohconsults.com.ng/guides,core,200,https://sohconsults.com.ng/guides,https://sohconsults.com.ng/guides,technically indexable,True,74,350,"index, follow; index, follow, max-video-preview:-1, max-image-preview:large, max-snippet:-1; ",JAMB CAPS & Admission Guides | S.O.H CONSULTS,"Understand JAMB CAPS, admission status, O'Level uploads and other admission processes with S.O.H CONSULTS.",JAMB CAPS & Admission Guides,Unavailable; not individually verified,,
https://sohconsults.com.ng/tools,core,200,https://sohconsults.com.ng/tools,https://sohconsults.com.ng/tools,technically indexable,True,74,93,"index, follow; index, follow, max-video-preview:-1, max-image-preview:large, max-snippet:-1; ",Student Tools | S.O.H CONSULTS,Access S.O.H CONSULTS admission screening calculators and CGPA tools.,Student Tools,Unavailable; not individually verified,,
https://sohconsults.com.ng/screening-calculator,core,200,https://sohconsults.com.ng/screening-calculator,https://sohconsults.com.ng/screening-calculator,technically indexable,True,34,160,"index, follow; index, follow, max-video-preview:-1, max-image-preview:large, max-snippet:-1; ",Post-UTME Screening Aggregate Calculator | S.O.H CONSULTS,Choose your institution and calculate your Post-UTME screening or admission aggregate.,Post-UTME Screening Aggregate Calculator,Unavailable; not individually verified,,
https://sohconsults.com.ng/fuoye-calculator,core,200,https://sohconsults.com.ng/fuoye-calculator,https://sohconsults.com.ng/fuoye-calculator,technically indexable,True,2,1725,"index, follow; index, follow, max-video-preview:-1, max-image-preview:large, max-snippet:-1; ",FUOYE Screening Score Calculator | S.O.H CONSULTS,"Calculate your FUOYE screening score from JAMB score, O'Level grades and sitting bonus, with PDF and image report downloads.",FUOYE Screening Score Calculator,Unavailable; not individually verified,,
https://sohconsults.com.ng/fuadsi-calculator,core,200,https://sohconsults.com.ng/fuadsi-calculator,https://sohconsults.com.ng/fuadsi-calculator,technically indexable,True,1,726,"index, follow; index, follow, max-video-preview:-1, max-image-preview:large, max-snippet:-1; ",FUADSI Screening Aggregate Calculator | S.O.H CONSULTS,Calculate FUADSI screening aggregate from UTME and O'Level results.,FUADSI Screening Aggregate Calculator,Unavailable; not individually verified,,
https://sohconsults.com.ng/uniosun-calculator,core,200,https://sohconsults.com.ng/uniosun-calculator,https://sohconsults.com.ng/uniosun-calculator,technically indexable,True,3,837,"index, follow; index, follow, max-video-preview:-1, max-image-preview:large, max-snippet:-1; ",UNIOSUN Screening Aggregate Calculator | S.O.H CONSULTS,Calculate UNIOSUN screening aggregate from UTME and O Level results.,UNIOSUN Screening Aggregate Calculator,Unavailable; not individually verified,,
https://sohconsults.com.ng/lasued-calculator,core,200,https://sohconsults.com.ng/lasued-calculator,https://sohconsults.com.ng/lasued-calculator,technically indexable,True,1,1422,"index, follow; index, follow, max-video-preview:-1, max-image-preview:large, max-snippet:-1; ",LASUED Screening Aggregate Calculator | S.O.H CONSULTS,Calculate LASUED online screening aggregate from JAMB and programme-specific O Level results.,LASUED Screening Aggregate Calculator,Unavailable; not individually verified,,
https://sohconsults.com.ng/lasustech-calculator,core,200,https://sohconsults.com.ng/lasustech-calculator,https://sohconsults.com.ng/lasustech-calculator,technically indexable,True,1,1203,"index, follow; index, follow, max-video-preview:-1, max-image-preview:large, max-snippet:-1; ",LASUSTECH Screening & Eligibility Calculator | S.O.H CONSULTS,Calculate your LASUSTECH screening aggregate and check programme-specific UTME and O'Level requirements.,LASUSTECH Screening & Eligibility Calculator,Unavailable; not individually verified,,
https://sohconsults.com.ng/oou-calculator,core,200,https://sohconsults.com.ng/oou-calculator,https://sohconsults.com.ng/oou-calculator,technically indexable,True,2,502,"index, follow; index, follow, max-video-preview:-1, max-image-preview:large, max-snippet:-1; ",OOU Aggregate Calculator | S.O.H CONSULTS,Calculate and estimate OOU UTME and Post-UTME aggregate scores.,OOU Aggregate Calculator,Unavailable; not individually verified,,
https://sohconsults.com.ng/yabatech-calculator,core,200,https://sohconsults.com.ng/yabatech-calculator,https://sohconsults.com.ng/yabatech-calculator,technically indexable,True,1,823,"index, follow; index, follow, max-video-preview:-1, max-image-preview:large, max-snippet:-1; ",YABATECH Screening Calculator | S.O.H CONSULTS,Estimate your YABATECH admission screening score using UTME and OLevel results.,YABATECH Aggregate & Eligibility Checker,Unavailable; not individually verified,,
https://sohconsults.com.ng/cgpa-calculator/planner,core,200,https://sohconsults.com.ng/cgpa-calculator/planner,https://sohconsults.com.ng/cgpa-calculator/planner,technically indexable,True,0,141,"index, follow; index, follow, max-video-preview:-1, max-image-preview:large, max-snippet:-1; ",CGPA Target Planner,Plan the grades and credit units needed to reach your target CGPA.,CGPA Academic Planner,Unavailable; not individually verified,No incoming link found in sitemap-page HTML,
https://sohconsults.com.ng/cgpa-calculator/select-scale,core,200,https://sohconsults.com.ng/cgpa-calculator/select-scale,https://sohconsults.com.ng/cgpa-calculator/select-scale,technically indexable,True,0,71,"index, follow; index, follow, max-video-preview:-1, max-image-preview:large, max-snippet:-1; ",Choose Your CGPA Scale,Choose a grading scale for the S.O.H CONSULTS CGPA calculator.,Select University Grading Scale,Unavailable; not individually verified,No incoming link found in sitemap-page HTML,
https://sohconsults.com.ng/updates/indomie-undergraduate-scholarship-program-2026,article,200,https://sohconsults.com.ng/updates/indomie-undergraduate-scholarship-program-2026,https://sohconsults.com.ng/updates/indomie-undergraduate-scholarship-program-2026,technically indexable,True,2,637,"index, follow; index, follow, max-video-preview:-1, max-image-preview:large, max-snippet:-1; ",Deadline Extended: Indomie Undergraduate Scholarship Program 2026,"Newly admitted 100L and Direct Entry students can apply for the Indomie Undergraduate Scholarship Program, offering full tuition, monthly stipends, accommodation and book support, and mentorship.",Deadline Extended: Indomie Undergraduate Scholarship Program 2026,Unavailable; not individually verified,,
https://sohconsults.com.ng/updates/schools-still-selling-post-utme-screening-forms-2026-2027,article,200,https://sohconsults.com.ng/updates/schools-still-selling-post-utme-screening-forms-2026-2027,https://sohconsults.com.ng/updates/schools-still-selling-post-utme-screening-forms-2026-2027,technically indexable,True,2,803,"index, follow; index, follow, max-video-preview:-1, max-image-preview:large, max-snippet:-1; ",2026/2027 Admission: Schools Still Selling Post-UTME and Screening Forms,"See universities, polytechnics and colleges of nursing sciences with ongoing Post-UTME or admission screening applications for the 2026/2027 academic session.",2026/2027 Admission: Schools Still Selling Post-UTME and Screening Forms,Unavailable; not individually verified,,
https://sohconsults.com.ng/updates/jabu-resumption-dates-2026-2027,article,200,https://sohconsults.com.ng/updates/jabu-resumption-dates-2026-2027,https://sohconsults.com.ng/updates/jabu-resumption-dates-2026-2027,technically indexable,True,1,773,"index, follow; index, follow, max-video-preview:-1, max-image-preview:large, max-snippet:-1; ",JUST IN: JOSEPH AYO BABALOLA UNIVERSITY ANNOUNCES RESUMPTION DATES FOR 2026/2027 ACADEMIC SESSION,"Joseph Ayo Babalola University has announced resumption dates for fresh and returning students for the 2026/2027 academic session, alongside the First Semester Parents' Forum date.",JUST IN: JOSEPH AYO BABALOLA UNIVERSITY ANNOUNCES RESUMPTION DATES FOR 2026/2027 ACADEMIC SESSION,Unavailable; not individually verified,,
https://sohconsults.com.ng/updates/oou-post-utme-results-2026-2027,article,200,https://sohconsults.com.ng/updates/oou-post-utme-results-2026-2027,https://sohconsults.com.ng/updates/oou-post-utme-results-2026-2027,technically indexable,True,1,639,"index, follow; index, follow, max-video-preview:-1, max-image-preview:large, max-snippet:-1; ",JUST IN: OLABISI ONABANJO UNIVERSITY RELEASES POST-UTME RESULTS FOR 2026/2027 ACADEMIC SESSION,"Olabisi Onabanjo University, Ago-Iwoye has released the Post-UTME screening results for the 2026/2027 academic session. Candidates can now check their results through the university's official Post-UTME portal.",JUST IN: OLABISI ONABANJO UNIVERSITY RELEASES POST-UTME RESULTS FOR 2026/2027 ACADEMIC SESSION,Unavailable; not individually verified,,
https://sohconsults.com.ng/updates/jamb-takes-over-hnd-admissions,article,200,https://sohconsults.com.ng/updates/jamb-takes-over-hnd-admissions,https://sohconsults.com.ng/updates/jamb-takes-over-hnd-admissions,technically indexable,True,1,815,"index, follow; index, follow, max-video-preview:-1, max-image-preview:large, max-snippet:-1; ",𝐅𝐞𝐝 𝐆𝐨𝐯𝐭 𝐀𝐩𝐩𝐫𝐨𝐯𝐞𝐬 𝐓𝐚𝐤𝐞𝐨𝐯𝐞𝐫 𝐎𝐟 𝐇𝐍𝐃 𝐀𝐝𝐦𝐢𝐬𝐬𝐢𝐨𝐧𝐬 𝐁𝐲 𝐉𝐀𝐌𝐁,"The federal government has approved the takeover of Higher National Diploma admissions by the Joint Admissions and Matriculation Board (JAMB), with all HND admissions to be processed through JAMB from the current admission session.",𝐅𝐞𝐝 𝐆𝐨𝐯𝐭 𝐀𝐩𝐩𝐫𝐨𝐯𝐞𝐬 𝐓𝐚𝐤𝐞𝐨𝐯𝐞𝐫 𝐎𝐟 𝐇𝐍𝐃 𝐀𝐝𝐦𝐢𝐬𝐬𝐢𝐨𝐧𝐬 𝐁𝐲 𝐉𝐀𝐌𝐁,Unavailable; not individually verified,,
https://sohconsults.com.ng/updates/jamb-admission-status-proposed-recommended-approved,article,200,https://sohconsults.com.ng/updates/jamb-admission-status-proposed-recommended-approved,https://sohconsults.com.ng/updates/jamb-admission-status-proposed-recommended-approved,technically indexable,True,1,367,"index, follow; index, follow, max-video-preview:-1, max-image-preview:large, max-snippet:-1; ",New JAMB Admission Status Update,"JAMB admission status may now show PROPOSED, RECOMMENDED or APPROVED during the admission process.",New JAMB Admission Status Update,Unavailable; not individually verified,,
https://sohconsults.com.ng/updates/lasu-admission-update-2026-2027,article,200,https://sohconsults.com.ng/updates/lasu-admission-update-2026-2027,https://sohconsults.com.ng/updates/lasu-admission-update-2026-2027,technically indexable,True,2,876,"index, follow; index, follow, max-video-preview:-1, max-image-preview:large, max-snippet:-1; ",LAGOS STATE UNIVERSITY ANNOUNCE ONLINE ADMISSION SCREENING EXERCISE FOR DIRECT ENTRY CANDIDATES,Lagos State University has announced the 2026/2027 Online Admission Screening Exercise for Direct Entry candidates. The screening is mandatory for eligible candidates seeking admission into LASU through Direct Entry.,LAGOS STATE UNIVERSITY ANNOUNCE ONLINE ADMISSION SCREENING EXERCISE FOR DIRECT ENTRY CANDIDATES,Unavailable; not individually verified,,
https://sohconsults.com.ng/updates/bidapoly-admission-list-for-2026-2027-nd-full-time-applicants,article,200,https://sohconsults.com.ng/updates/bidapoly-admission-list-for-2026-2027-nd-full-time-applicants,https://sohconsults.com.ng/updates/bidapoly-admission-list-for-2026-2027-nd-full-time-applicants,technically indexable,True,1,353,"index, follow; index, follow, max-video-preview:-1, max-image-preview:large, max-snippet:-1; ",BIDAPOLY Admission List for 2026/2027 ND Full-Time Applicants,Federal Polytechnic Bida has released admission information for ND Full-Time applicants.,BIDAPOLY Admission List for 2026/2027 ND Full-Time Applicants,Unavailable; not individually verified,,
https://sohconsults.com.ng/updates/fuoye-admission-list-for-2026-2027-academic-session,article,200,https://sohconsults.com.ng/updates/fuoye-admission-list-for-2026-2027-academic-session,https://sohconsults.com.ng/updates/fuoye-admission-list-for-2026-2027-academic-session,technically indexable,True,1,359,"index, follow; index, follow, max-video-preview:-1, max-image-preview:large, max-snippet:-1; ",FUOYE Admission List for 2026/2027 Academic Session,Federal University Oye-Ekiti has released admission information for the 2026/2027 academic session.,FUOYE Admission List for 2026/2027 Academic Session,Unavailable; not individually verified,,
https://sohconsults.com.ng/updates/ssu-admission-list-for-2026-2027-academic-session,article,200,https://sohconsults.com.ng/updates/ssu-admission-list-for-2026-2027-academic-session,https://sohconsults.com.ng/updates/ssu-admission-list-for-2026-2027-academic-session,technically indexable,True,1,367,"index, follow; index, follow, max-video-preview:-1, max-image-preview:large, max-snippet:-1; ",SSU Admission List for 2026/2027 Academic Session,Sokoto State University has released admission information for the 2026/2027 academic session.,SSU Admission List for 2026/2027 Academic Session,Unavailable; not individually verified,,
https://sohconsults.com.ng/updates/zamsut-admission-list-for-2026-2027-academic-session,article,200,https://sohconsults.com.ng/updates/zamsut-admission-list-for-2026-2027-academic-session,https://sohconsults.com.ng/updates/zamsut-admission-list-for-2026-2027-academic-session,technically indexable,True,1,363,"index, follow; index, follow, max-video-preview:-1, max-image-preview:large, max-snippet:-1; ",ZAMSUT Admission List for 2026/2027 Academic Session,Zamfara State University has released admission information for the 2026/2027 academic session.,ZAMSUT Admission List for 2026/2027 Academic Session,Unavailable; not individually verified,,
https://sohconsults.com.ng/updates/unimed-admission-list-for-2026-2027-academic-session,article,200,https://sohconsults.com.ng/updates/unimed-admission-list-for-2026-2027-academic-session,https://sohconsults.com.ng/updates/unimed-admission-list-for-2026-2027-academic-session,technically indexable,True,1,370,"index, follow; index, follow, max-video-preview:-1, max-image-preview:large, max-snippet:-1; ",UNIMED Admission List for 2026/2027 Academic Session,"University of Medical Sciences, Ondo has released admission information for the 2026/2027 academic session.",UNIMED Admission List for 2026/2027 Academic Session,Unavailable; not individually verified,,
https://sohconsults.com.ng/updates/sazu-admission-list-for-2026-2027-academic-session,article,200,https://sohconsults.com.ng/updates/sazu-admission-list-for-2026-2027-academic-session,https://sohconsults.com.ng/updates/sazu-admission-list-for-2026-2027-academic-session,technically indexable,True,1,354,"index, follow; index, follow, max-video-preview:-1, max-image-preview:large, max-snippet:-1; ",SAZU Admission List for 2026/2027 Academic Session,Sa'adu Zungur University has released updated admission information covering multiple batches.,SAZU Admission List for 2026/2027 Academic Session,Unavailable; not individually verified,,
https://sohconsults.com.ng/updates/afued-admission-list-for-2026-2027-academic-session,article,200,https://sohconsults.com.ng/updates/afued-admission-list-for-2026-2027-academic-session,https://sohconsults.com.ng/updates/afued-admission-list-for-2026-2027-academic-session,technically indexable,True,1,378,"index, follow; index, follow, max-video-preview:-1, max-image-preview:large, max-snippet:-1; ",AFUED Admission List for 2026/2027 Academic Session,"Adeyemi Federal University of Education, Ondo has released admission information for the 2026/2027 academic session.",AFUED Admission List for 2026/2027 Academic Session,Unavailable; not individually verified,,
https://sohconsults.com.ng/updates/fuotuoke-post-utme-form-for-2026-2027-undergraduate-admission,article,200,https://sohconsults.com.ng/updates/fuotuoke-post-utme-form-for-2026-2027-undergraduate-admission,https://sohconsults.com.ng/updates/fuotuoke-post-utme-form-for-2026-2027-undergraduate-admission,technically indexable,True,1,343,"index, follow; index, follow, max-video-preview:-1, max-image-preview:large, max-snippet:-1; ",FUOTUOKE Post UTME Form for 2026/2027 Undergraduate Admission,Federal University Otuoke has released Post UTME admission information for the 2026/2027 session.,FUOTUOKE Post UTME Form for 2026/2027 Undergraduate Admission,Unavailable; not individually verified,,
https://sohconsults.com.ng/updates/fedponam-hnd-admission-form-for-2026-2027,article,200,https://sohconsults.com.ng/updates/fedponam-hnd-admission-form-for-2026-2027,https://sohconsults.com.ng/updates/fedponam-hnd-admission-form-for-2026-2027,technically indexable,True,1,332,"index, follow; index, follow, max-video-preview:-1, max-image-preview:large, max-snippet:-1; ",FEDPONAM HND Admission Form for 2026/2027,Federal Polytechnic Kaura-Namoda has announced HND admission information for the 2026/2027 academic session.,FEDPONAM HND Admission Form for 2026/2027,Unavailable; not individually verified,,
https://sohconsults.com.ng/updates/unilag-direct-entry-screening-form-for-2026-2027,article,200,https://sohconsults.com.ng/updates/unilag-direct-entry-screening-form-for-2026-2027,https://sohconsults.com.ng/updates/unilag-direct-entry-screening-form-for-2026-2027,technically indexable,True,1,343,"index, follow; index, follow, max-video-preview:-1, max-image-preview:large, max-snippet:-1; ",UNILAG Direct Entry Screening Form for 2026/2027,University of Lagos has released information regarding its Direct Entry screening exercise.,UNILAG Direct Entry Screening Form for 2026/2027,Unavailable; not individually verified,,
https://sohconsults.com.ng/updates/fce-iwo-post-utme-form-for-2026-2027-nce-admission,article,200,https://sohconsults.com.ng/updates/fce-iwo-post-utme-form-for-2026-2027-nce-admission,https://sohconsults.com.ng/updates/fce-iwo-post-utme-form-for-2026-2027-nce-admission,technically indexable,True,1,354,"index, follow; index, follow, max-video-preview:-1, max-image-preview:large, max-snippet:-1; ",FCE Iwo Post UTME Form for 2026/2027 NCE Admission,"Federal College of Education, Iwo has announced its NCE Post UTME admission opportunity for 2026/2027.",FCE Iwo Post UTME Form for 2026/2027 NCE Admission,Unavailable; not individually verified,,
https://sohconsults.com.ng/updates/uniosun-releases-2026-2027-admission-cut-off-marks,article,200,https://sohconsults.com.ng/updates/uniosun-releases-2026-2027-admission-cut-off-marks,https://sohconsults.com.ng/updates/uniosun-releases-2026-2027-admission-cut-off-marks,technically indexable,True,39,972,"index, follow; index, follow, max-video-preview:-1, max-image-preview:large, max-snippet:-1; ",UNIOSUN RELEASES 2026/2027 ADMISSION CUT-OFF MARKS,Osun State University (UNIOSUN) has released the approved programme-specific cut-off marks for the 2026/2027 admission exercise. Candidates seeking admission into the University are advised to check the cut-off mark applicable to their chosen programme.,UNIOSUN RELEASES 2026/2027 ADMISSION CUT-OFF MARKS,Unavailable; not individually verified,,
https://sohconsults.com.ng/updates/uniosun-2026-2027-admission-screening-results-now-available-online,article,200,https://sohconsults.com.ng/updates/uniosun-2026-2027-admission-screening-results-now-available-online,https://sohconsults.com.ng/updates/uniosun-2026-2027-admission-screening-results-now-available-online,technically indexable,True,39,571,"index, follow; index, follow, max-video-preview:-1, max-image-preview:large, max-snippet:-1; ",UNIOSUN 2026/2027 ADMISSION SCREENING RESULTS NOW AVAILABLE ONLINE,Osun State University (UNIOSUN) has made the 2026/2027 admission screening results available online for candidates who participated in the university’s admission screening exercise.,UNIOSUN 2026/2027 ADMISSION SCREENING RESULTS NOW AVAILABLE ONLINE,Unavailable; not individually verified,,
https://sohconsults.com.ng/updates/breaking-lagos-govt-approves-union-demands-moves-to-end-state-varsity-strike,article,200,https://sohconsults.com.ng/updates/breaking-lagos-govt-approves-union-demands-moves-to-end-state-varsity-strike,https://sohconsults.com.ng/updates/breaking-lagos-govt-approves-union-demands-moves-to-end-state-varsity-strike,technically indexable,True,39,698,"index, follow; index, follow, max-video-preview:-1, max-image-preview:large, max-snippet:-1; ","𝗕𝗥𝗘𝗔𝗞𝗜𝗡𝗚: 𝗟𝗔𝗚𝗢𝗦 𝗚𝗢𝗩𝗧 𝗔𝗣𝗣𝗥𝗢𝗩𝗘𝗦 𝗨𝗡𝗜𝗢𝗡 𝗗𝗘𝗠𝗔𝗡𝗗𝗦, 𝗠𝗢𝗩𝗘𝗦 𝗧𝗢 𝗘𝗡𝗗 𝗦𝗧𝗔𝗧𝗘 𝗩𝗔𝗥𝗦𝗜𝗧𝗬 𝗦𝗧𝗥𝗜𝗞𝗘","The Lagos State Government has approved the domestication and implementation of agreements covering staff unions in Lagos State-owned universities and other tertiary institutions, in a major development towards resolving the ongoing industrial action.
The approval covers new allowances for academic and non-academic staff, with implementation effective from January 1, 2026. Accumulated arrears will be paid in two tranches alongside the October and November 2026 salaries, while the approved allowances will be tax-free.
Following the approval, the State Government has appealed to the unions to discontinue the ongoing strike and resume work immediately.","𝗕𝗥𝗘𝗔𝗞𝗜𝗡𝗚: 𝗟𝗔𝗚𝗢𝗦 𝗚𝗢𝗩𝗧 𝗔𝗣𝗣𝗥𝗢𝗩𝗘𝗦 𝗨𝗡𝗜𝗢𝗡 𝗗𝗘𝗠𝗔𝗡𝗗𝗦, 𝗠𝗢𝗩𝗘𝗦 𝗧𝗢 𝗘𝗡𝗗 𝗦𝗧𝗔𝗧𝗘 𝗩𝗔𝗥𝗦𝗜𝗧𝗬 𝗦𝗧𝗥𝗜𝗞𝗘",Unavailable; not individually verified,,
https://sohconsults.com.ng/updates/federal-university-of-technology-environmental-sciences-iyin-ekiti-futes-iyin-ge,article,200,https://sohconsults.com.ng/updates/federal-university-of-technology-environmental-sciences-iyin-ekiti-futes-iyin-ge,https://sohconsults.com.ng/updates/federal-university-of-technology-environmental-sciences-iyin-ekiti-futes-iyin-ge,technically indexable,True,40,1391,"index, follow; index, follow, max-video-preview:-1, max-image-preview:large, max-snippet:-1; ","FEDERAL UNIVERSITY OF TECHNOLOGY & ENVIRONMENTAL SCIENCES, IYIN-EKITI (FUTES-IYIN) GETS NUC FULL APPROVAL FOR ADDITIONAL ACADEMIC PROGRAMMES","The Federal University of Technology and Environmental Sciences, Iyin-Ekiti (FUTES-IYIN), has reopened its 2026/2027 admission portal following the approval of three additional academic programmes by the National Universities Commission (NUC).
The newly approved programmes are Artificial Intelligence, Telecommunication Science, and Tourism & Hospitality Management.
The reopening gives prospective students another opportunity to apply to the University, particularly candidates interested in the newly introduced programmes. Applications will run from Tuesday, October 6 to Tuesday, October 13, 2026.
Prospective applicants are expected to complete the necessary admission procedures within the application window, including the appropriate JAMB change of institution and programme where required.","FEDERAL UNIVERSITY OF TECHNOLOGY & ENVIRONMENTAL SCIENCES, IYIN-EKITI (FUTES-IYIN) GETS NUC FULL APPROVAL FOR ADDITIONAL ACADEMIC PROGRAMMES",Unavailable; not individually verified,,
https://sohconsults.com.ng/updates/futa-releases-top-up-degree-admission-form-for-2026-2027-academic-session,article,200,https://sohconsults.com.ng/updates/futa-releases-top-up-degree-admission-form-for-2026-2027-academic-session,https://sohconsults.com.ng/updates/futa-releases-top-up-degree-admission-form-for-2026-2027-academic-session,technically indexable,True,40,1152,"index, follow; index, follow, max-video-preview:-1, max-image-preview:large, max-snippet:-1; ",𝗙𝗨𝗧𝗔 𝗥𝗘𝗟𝗘𝗔𝗦𝗘𝗦 𝗧𝗢𝗣-𝗨𝗣 𝗗𝗘𝗚𝗥𝗘𝗘 𝗔𝗗𝗠𝗜𝗦𝗦𝗜𝗢𝗡 𝗙𝗢𝗥𝗠 𝗙𝗢𝗥 𝟮𝟬𝟮𝟲/𝟮𝟬𝟮𝟳 𝗔𝗖𝗔𝗗𝗘𝗠𝗜𝗖 𝗦𝗘𝗦𝗦𝗜𝗢𝗡,"The Federal University of Technology, Akure (FUTA) has invited applications from suitably qualified candidates for admission into its 𝗧𝗼𝗽-𝗨𝗽 𝗗𝗲𝗴𝗿𝗲𝗲 𝗣𝗿𝗼𝗴𝗿𝗮𝗺𝗺𝗲𝘀 for the 2026/2027 academic session.
The programme is open to eligible candidates who possess a 𝗛𝗶𝗴𝗵𝗲𝗿 𝗡𝗮𝘁𝗶𝗼𝗻𝗮𝗹 𝗗𝗶𝗽𝗹𝗼𝗺𝗮 (𝗛𝗡𝗗) or a 𝗧𝗵𝗶𝗿𝗱 𝗖𝗹𝗮𝘀𝘀 𝗗𝗲𝗴𝗿𝗲𝗲 in a relevant field, alongside the required O'Level qualifications and evidence of NYSC completion or exemption.
Applications are available from 𝟱 𝗢𝗰𝘁𝗼𝗯𝗲𝗿 𝘁𝗼 𝟭𝟯 𝗡𝗼𝘃𝗲𝗺𝗯𝗲𝗿 𝟮𝟬𝟮𝟲, while the application form costs ₦𝟮𝟬,𝟬𝟬𝟬.",𝗙𝗨𝗧𝗔 𝗥𝗘𝗟𝗘𝗔𝗦𝗘𝗦 𝗧𝗢𝗣-𝗨𝗣 𝗗𝗘𝗚𝗥𝗘𝗘 𝗔𝗗𝗠𝗜𝗦𝗦𝗜𝗢𝗡 𝗙𝗢𝗥𝗠 𝗙𝗢𝗥 𝟮𝟬𝟮𝟲/𝟮𝟬𝟮𝟳 𝗔𝗖𝗔𝗗𝗘𝗠𝗜𝗖 𝗦𝗘𝗦𝗦𝗜𝗢𝗡,Unavailable; not individually verified,,
https://sohconsults.com.ng/updates/urgent-jamb-extends-final-deadline-for-2021-2025-outstanding-admission-offers-to,article,200,https://sohconsults.com.ng/updates/urgent-jamb-extends-final-deadline-for-2021-2025-outstanding-admission-offers-to,https://sohconsults.com.ng/updates/urgent-jamb-extends-final-deadline-for-2021-2025-outstanding-admission-offers-to,technically indexable,True,39,1115,"index, follow; index, follow, max-video-preview:-1, max-image-preview:large, max-snippet:-1; ",URGENT: JAMB EXTENDS FINAL DEADLINE FOR 2021–2025 OUTSTANDING ADMISSION OFFERS TO NOVEMBER 30,"JAMB has extended the deadline for candidates with outstanding admission offers from 2021 to 2025 to 30 November 2026. Affected candidates are required to accept or reject their outstanding offers on JAMB CAPS before the deadline, after which unattended offers will revert to “Not Admitted” on JAMB’s records.",URGENT: JAMB EXTENDS FINAL DEADLINE FOR 2021–2025 OUTSTANDING ADMISSION OFFERS TO NOVEMBER 30,Unavailable; not individually verified,,
https://sohconsults.com.ng/updates/fg-declares-october-1-public-holiday-for-nigeria-s-66th-independence-anniversary,article,200,https://sohconsults.com.ng/updates/fg-declares-october-1-public-holiday-for-nigeria-s-66th-independence-anniversary,https://sohconsults.com.ng/updates/fg-declares-october-1-public-holiday-for-nigeria-s-66th-independence-anniversary,technically indexable,True,8,698,"index, follow; index, follow, max-video-preview:-1, max-image-preview:large, max-snippet:-1; ",FG DECLARES OCTOBER 1 PUBLIC HOLIDAY FOR NIGERIA’S 66TH INDEPENDENCE ANNIVERSARY,"The Federal Government has declared Thursday, October 1, 2026, a public holiday to commemorate Nigeria’s 66th Independence Anniversary, calling on Nigerians to embrace unity, patriotism, peaceful coexistence and mutual respect.",FG DECLARES OCTOBER 1 PUBLIC HOLIDAY FOR NIGERIA’S 66TH INDEPENDENCE ANNIVERSARY,Unavailable; not individually verified,,
https://sohconsults.com.ng/updates/lasu-vice-chancellor-unveils-eight-pillar-strategic-vision-for-university,article,200,https://sohconsults.com.ng/updates/lasu-vice-chancellor-unveils-eight-pillar-strategic-vision-for-university,https://sohconsults.com.ng/updates/lasu-vice-chancellor-unveils-eight-pillar-strategic-vision-for-university,technically indexable,True,6,900,"index, follow; index, follow, max-video-preview:-1, max-image-preview:large, max-snippet:-1; ",𝗟𝗔𝗦𝗨 𝗩𝗜𝗖𝗘-𝗖𝗛𝗔𝗡𝗖𝗘𝗟𝗟𝗢𝗥 𝗨𝗡𝗩𝗘𝗜𝗟𝗦 𝗘𝗜𝗚𝗛𝗧-𝗣𝗜𝗟𝗟𝗔𝗥 𝗦𝗧𝗥𝗔𝗧𝗘𝗚𝗜𝗖 𝗩𝗜𝗦𝗜𝗢𝗡 𝗙𝗢𝗥 𝗨𝗡𝗜𝗩𝗘𝗥𝗦𝗜𝗧𝗬,"Lagos State University Vice-Chancellor, Professor Ayodeji Olawunmi Badejo, has unveiled an eight-pillar vision covering academic excellence, research, financial sustainability, digital transformation, staff and student welfare, governance, and community impact. She also announced consultations across the University’s campuses as a priority for her administration’s first 100 days.",𝗟𝗔𝗦𝗨 𝗩𝗜𝗖𝗘-𝗖𝗛𝗔𝗡𝗖𝗘𝗟𝗟𝗢𝗥 𝗨𝗡𝗩𝗘𝗜𝗟𝗦 𝗘𝗜𝗚𝗛𝗧-𝗣𝗜𝗟𝗟𝗔𝗥 𝗦𝗧𝗥𝗔𝗧𝗘𝗚𝗜𝗖 𝗩𝗜𝗦𝗜𝗢𝗡 𝗙𝗢𝗥 𝗨𝗡𝗜𝗩𝗘𝗥𝗦𝗜𝗧𝗬,Unavailable; not individually verified,,
https://sohconsults.com.ng/updates/lasusu-presents-free-pos-machines-for-100-lasu-students,article,200,https://sohconsults.com.ng/updates/lasusu-presents-free-pos-machines-for-100-lasu-students,https://sohconsults.com.ng/updates/lasusu-presents-free-pos-machines-for-100-lasu-students,technically indexable,True,6,523,"index, follow; index, follow, max-video-preview:-1, max-image-preview:large, max-snippet:-1; ",𝗟𝗔𝗦𝗨𝗦𝗨 𝗣𝗥𝗘𝗦𝗘𝗡𝗧𝗦 𝗙𝗥𝗘𝗘 𝗣𝗢𝗦 𝗠𝗔𝗖𝗛𝗜𝗡𝗘𝗦 𝗙𝗢𝗥 𝟭𝟬𝟬 𝗟𝗔𝗦𝗨 𝗦𝗧𝗨𝗗𝗘𝗡𝗧𝗦,"The Lagos State University Students’ Union (LASUSU), in partnership with the Badagry Youth Initiative, has announced a free POS empowerment programme for 100 LASU students.",𝗟𝗔𝗦𝗨𝗦𝗨 𝗣𝗥𝗘𝗦𝗘𝗡𝗧𝗦 𝗙𝗥𝗘𝗘 𝗣𝗢𝗦 𝗠𝗔𝗖𝗛𝗜𝗡𝗘𝗦 𝗙𝗢𝗥 𝟭𝟬𝟬 𝗟𝗔𝗦𝗨 𝗦𝗧𝗨𝗗𝗘𝗡𝗧𝗦,Unavailable; not individually verified,,
https://sohconsults.com.ng/updates/jamb-caps-platform-temporarily-unavailable,article,200,https://sohconsults.com.ng/updates/jamb-caps-platform-temporarily-unavailable,https://sohconsults.com.ng/updates/jamb-caps-platform-temporarily-unavailable,technically indexable,True,5,1281,"index, follow; index, follow, max-video-preview:-1, max-image-preview:large, max-snippet:-1; ",JAMB CAPS PLATFORM TEMPORARILY UNAVAILABLE,"Read current admission, JAMB and education updates from S.O.H CONSULTS, including application notices, admission status information and important deadlines.",JAMB CAPS PLATFORM TEMPORARILY UNAVAILABLE,Unavailable; not individually verified,,
https://sohconsults.com.ng/updates/waec-releases-previously-withheld-2026-examination-results,article,200,https://sohconsults.com.ng/updates/waec-releases-previously-withheld-2026-examination-results,https://sohconsults.com.ng/updates/waec-releases-previously-withheld-2026-examination-results,technically indexable,True,2,671,"index, follow; index, follow, max-video-preview:-1, max-image-preview:large, max-snippet:-1; ",WAEC RELEASES PREVIOUSLY WITHHELD 2026 EXAMINATION RESULTS,"Read current admission, JAMB and education updates from S.O.H CONSULTS, including application notices, admission status information and important deadlines.",WAEC RELEASES PREVIOUSLY WITHHELD 2026 EXAMINATION RESULTS,Unavailable; not individually verified,,
https://sohconsults.com.ng/updates/lagos-state-university-lasu-releases-2026-2027-jupeb-foundation-programme-admiss,article,200,https://sohconsults.com.ng/updates/lagos-state-university-lasu-releases-2026-2027-jupeb-foundation-programme-admiss,https://sohconsults.com.ng/updates/lagos-state-university-lasu-releases-2026-2027-jupeb-foundation-programme-admiss,technically indexable,True,6,672,"index, follow; index, follow, max-video-preview:-1, max-image-preview:large, max-snippet:-1; ",LAGOS STATE UNIVERSITY [LASU] RELEASES 2026/2027 JUPEB FOUNDATION PROGRAMME ADMISSION LIST,"LASU has released the 2026/2027 JUPEB Foundation Programme admission list through its School of Basic and Advanced Studies (LASUSBAS). Candidates who participated in the entrance examination can now check their admission status through the university’s official portal. Successful candidates are advised to accept their admission, make the required payments and complete all registration procedures within the stipulated period.",LAGOS STATE UNIVERSITY [LASU] RELEASES 2026/2027 JUPEB FOUNDATION PROGRAMME ADMISSION LIST,Unavailable; not individually verified,,
https://sohconsults.com.ng/updates/neco-releases-2026-internal-results-for-school-candidates,article,200,https://sohconsults.com.ng/updates/neco-releases-2026-internal-results-for-school-candidates,https://sohconsults.com.ng/updates/neco-releases-2026-internal-results-for-school-candidates,technically indexable,True,1,507,"index, follow; index, follow, max-video-preview:-1, max-image-preview:large, max-snippet:-1; ",NECO RELEASES 2026 INTERNAL RESULTS FOR SCHOOL CANDIDATES,The National Examinations Council has officially released the results for the 2026 Senior School Certificate Examination for internal school candidates. Candidates can now access their scores online using their registration details on the official portal. You can check your results at NECO Results Portal.,NECO RELEASES 2026 INTERNAL RESULTS FOR SCHOOL CANDIDATES,Unavailable; not individually verified,,
https://sohconsults.com.ng/updates/jamb-strengthens-collaboration-with-examination-bodies-to-simplify-o-level-verif,article,200,https://sohconsults.com.ng/updates/jamb-strengthens-collaboration-with-examination-bodies-to-simplify-o-level-verif,https://sohconsults.com.ng/updates/jamb-strengthens-collaboration-with-examination-bodies-to-simplify-o-level-verif,technically indexable,True,1,538,"index, follow; index, follow, max-video-preview:-1, max-image-preview:large, max-snippet:-1; ",JAMB Strengthens Collaboration with Examination Bodies to Simplify O’Level Verification,"JAMB has engaged representatives of NECO, NABTEB and NBAIS to improve the upload and verification of O’Level results, strengthen data integrity and make the admission process smoother for candidates.",JAMB Strengthens Collaboration with Examination Bodies to Simplify O’Level Verification,Unavailable; not individually verified,,
https://sohconsults.com.ng/updates/37th-lasusu-president-rufai-akanni-obipehin-announces-monthly-community-cleanup-,article,200,https://sohconsults.com.ng/updates/37th-lasusu-president-rufai-akanni-obipehin-announces-monthly-community-cleanup-,https://sohconsults.com.ng/updates/37th-lasusu-president-rufai-akanni-obipehin-announces-monthly-community-cleanup-,technically indexable,True,5,588,"index, follow; index, follow, max-video-preview:-1, max-image-preview:large, max-snippet:-1; ","37th LASUSU President, Rufai Akanni Obipehin, Announces Monthly Community Cleanup Exercise to Commemorate World Cleanup Day","The 37th Lagos State University Students’ Union, led by President Rufai Akanni Obipehin, has announced a Monthly Students’ Community Cleanup Exercise, commencing on Saturday, October 24, 2026. The initiative aims to fulfil a campaign commitment while promoting environmental responsibility, improved sanitation and healthier living across student residential communities.","37th LASUSU President, Rufai Akanni Obipehin, Announces Monthly Community Cleanup Exercise to Commemorate World Cleanup Day",Unavailable; not individually verified,,
https://sohconsults.com.ng/updates/jamb-set-to-introduce-life-skills-and-critical-thinking-questions-in-utme,article,200,https://sohconsults.com.ng/updates/jamb-set-to-introduce-life-skills-and-critical-thinking-questions-in-utme,https://sohconsults.com.ng/updates/jamb-set-to-introduce-life-skills-and-critical-thinking-questions-in-utme,technically indexable,True,4,730,"index, follow; index, follow, max-video-preview:-1, max-image-preview:large, max-snippet:-1; ",JAMB Set to Introduce Life Skills and Critical Thinking Questions in UTME,"Read current admission, JAMB and education updates from S.O.H CONSULTS, including application notices, admission status information and important deadlines.",JAMB Set to Introduce Life Skills and Critical Thinking Questions in UTME,Unavailable; not individually verified,,
https://sohconsults.com.ng/updates/jamb-plans-national-digital-pre-registration-app-ahead-of-2027-utme,article,200,https://sohconsults.com.ng/updates/jamb-plans-national-digital-pre-registration-app-ahead-of-2027-utme,https://sohconsults.com.ng/updates/jamb-plans-national-digital-pre-registration-app-ahead-of-2027-utme,technically indexable,True,4,860,"index, follow; index, follow, max-video-preview:-1, max-image-preview:large, max-snippet:-1; ",JAMB Plans National Digital Pre-Registration App Ahead of 2027 UTME,The Joint Admissions and Matriculation Board (JAMB) plans to introduce the National Digital Pre-Registration App ahead of the 2027 Unified Tertiary Matriculation Examination (UTME). This reform aims to streamline the registration process by allowing candidates to handle preparatory tasks on mobile devices before completing final verifications at physical centres,JAMB Plans National Digital Pre-Registration App Ahead of 2027 UTME,Unavailable; not individually verified,,
https://sohconsults.com.ng/updates/2027-utme-a-safer-start-for-candidate,article,200,https://sohconsults.com.ng/updates/2027-utme-a-safer-start-for-candidate,https://sohconsults.com.ng/updates/2027-utme-a-safer-start-for-candidate,technically indexable,True,4,496,"index, follow; index, follow, max-video-preview:-1, max-image-preview:large, max-snippet:-1; ",2027 UTME: A SAFER START FOR CANDIDATE,JAMB Adjusts 2027 UTME First Session Over Safety Concerns,2027 UTME: A SAFER START FOR CANDIDATE,Unavailable; not individually verified,,
https://sohconsults.com.ng/updates/wassce-private-candidate-2026-second-series-registration-closes-september-18,article,200,https://sohconsults.com.ng/updates/wassce-private-candidate-2026-second-series-registration-closes-september-18,https://sohconsults.com.ng/updates/wassce-private-candidate-2026-second-series-registration-closes-september-18,technically indexable,True,2,462,"index, follow; index, follow, max-video-preview:-1, max-image-preview:large, max-snippet:-1; ",WASSCE Private Candidate 2026 Second Series Registration Closes September 18,"Registration for the WASSCE for Private Candidates, 2026 Second Series is ongoing, with the deadline for PIN generation and completion of registration set for Friday, September 18, 2026.",WASSCE Private Candidate 2026 Second Series Registration Closes September 18,Unavailable; not individually verified,,
https://sohconsults.com.ng/updates/category/scholarship,category,200,https://sohconsults.com.ng/updates/category/scholarship,https://sohconsults.com.ng/updates/category/scholarship,technically indexable,True,1,153,"index, follow; index, follow, max-video-preview:-1, max-image-preview:large, max-snippet:-1; ",Scholarship Updates,Latest scholarship news and guidance from S.O.H CONSULTS.,Scholarship Updates,Unavailable; not individually verified,,
https://sohconsults.com.ng/updates/category/admission,category,200,https://sohconsults.com.ng/updates/category/admission,https://sohconsults.com.ng/updates/category/admission,technically indexable,True,2,849,"index, follow; index, follow, max-video-preview:-1, max-image-preview:large, max-snippet:-1; ",Admission Updates,Latest admission news and guidance from S.O.H CONSULTS.,Admission Updates,Unavailable; not individually verified,,
https://sohconsults.com.ng/updates/category/jamb,category,200,https://sohconsults.com.ng/updates/category/jamb,https://sohconsults.com.ng/updates/category/jamb,technically indexable,True,2,384,"index, follow; index, follow, max-video-preview:-1, max-image-preview:large, max-snippet:-1; ",JAMB Updates,Latest jamb news and guidance from S.O.H CONSULTS.,JAMB Updates,Unavailable; not individually verified,,
https://sohconsults.com.ng/updates/category/admission-list,category,200,https://sohconsults.com.ng/updates/category/admission-list,https://sohconsults.com.ng/updates/category/admission-list,technically indexable,True,1,274,"index, follow; index, follow, max-video-preview:-1, max-image-preview:large, max-snippet:-1; ",Admission List Updates,Latest admission list news and guidance from S.O.H CONSULTS.,Admission List Updates,Unavailable; not individually verified,,
https://sohconsults.com.ng/updates/category/campus-news,category,200,https://sohconsults.com.ng/updates/category/campus-news,https://sohconsults.com.ng/updates/category/campus-news,technically indexable,True,2,471,"index, follow; index, follow, max-video-preview:-1, max-image-preview:large, max-snippet:-1; ",Campus News Updates,Latest campus news news and guidance from S.O.H CONSULTS.,Campus News Updates,Unavailable; not individually verified,,
https://sohconsults.com.ng/updates/category/o-level,category,200,https://sohconsults.com.ng/updates/category/o-level,https://sohconsults.com.ng/updates/category/o-level,technically indexable,True,2,178,"index, follow; index, follow, max-video-preview:-1, max-image-preview:large, max-snippet:-1; ",O'Level Updates,Latest o'level news and guidance from S.O.H CONSULTS.,O'Level Updates,Unavailable; not individually verified,,
https://sohconsults.com.ng/updates/category/neco,category,200,https://sohconsults.com.ng/updates/category/neco,https://sohconsults.com.ng/updates/category/neco,technically indexable,True,1,170,"index, follow; index, follow, max-video-preview:-1, max-image-preview:large, max-snippet:-1; ",NECO Updates,Latest neco news and guidance from S.O.H CONSULTS.,NECO Updates,Unavailable; not individually verified,,
https://sohconsults.com.ng/guides/understanding-jamb-caps-status,guide,200,https://sohconsults.com.ng/guides/understanding-jamb-caps-status,https://sohconsults.com.ng/guides/understanding-jamb-caps-status,technically indexable,True,3,299,"index, follow; ",Understanding JAMB CAPS Admission Status,Understand common JAMB CAPS admission messages and what each stage means for your admission process.,Understanding JAMB CAPS Admission Status,Unavailable; not individually verified,,
https://sohconsults.com.ng/guides/how-to-check-jamb-caps,guide,200,https://sohconsults.com.ng/guides/how-to-check-jamb-caps,https://sohconsults.com.ng/guides/how-to-check-jamb-caps,technically indexable,True,15,262,"index, follow; ",How to Check Your JAMB CAPS Admission Status,A simple guide to checking your admission status through JAMB CAPS and understanding what to look for.,How to Check Your JAMB CAPS Admission Status,Unavailable; not individually verified,,
https://sohconsults.com.ng/guides/accept-jamb-admission,guide,200,https://sohconsults.com.ng/guides/accept-jamb-admission,https://sohconsults.com.ng/guides/accept-jamb-admission,technically indexable,True,4,246,"index, follow; ",What to Do Before Accepting JAMB Admission,Important checks to make before accepting an admission offer on JAMB CAPS.,What to Do Before Accepting JAMB Admission,Unavailable; not individually verified,,
https://sohconsults.com.ng/guides/olevel-upload-jamb-caps,guide,200,https://sohconsults.com.ng/guides/olevel-upload-jamb-caps,https://sohconsults.com.ng/guides/olevel-upload-jamb-caps,technically indexable,True,10,259,"index, follow; ",O'Level Result Upload on JAMB CAPS,Why your O'Level result matters during admission processing and what to verify after an upload.,O'Level Result Upload on JAMB CAPS,Unavailable; not individually verified,,
https://sohconsults.com.ng/guides/school-admission-vs-jamb-admission,guide,200,https://sohconsults.com.ng/guides/school-admission-vs-jamb-admission,https://sohconsults.com.ng/guides/school-admission-vs-jamb-admission,technically indexable,True,12,245,"index, follow; ",School Admission vs JAMB Admission,Understand why an institution's admission information and JAMB CAPS can sometimes appear at different stages.,School Admission vs JAMB Admission,Unavailable; not individually verified,,
https://sohconsults.com.ng/guides/admission-in-progress-meaning,guide,200,https://sohconsults.com.ng/guides/admission-in-progress-meaning,https://sohconsults.com.ng/guides/admission-in-progress-meaning,technically indexable,True,3,254,"index, follow; ",What 'Admission in Progress' Means on JAMB CAPS,What the Admission in Progress message generally indicates and sensible next steps while you wait.,What 'Admission in Progress' Means on JAMB CAPS,Unavailable; not individually verified,,
https://sohconsults.com.ng/guides/nigerian-university-admission-checklist,guide,200,https://sohconsults.com.ng/guides/nigerian-university-admission-checklist,https://sohconsults.com.ng/guides/nigerian-university-admission-checklist,technically indexable,True,24,486,"index, follow; ",Nigerian University Admission Checklist: From Application to Clearance,"A practical checklist for keeping your JAMB, O'Level, screening, CAPS and school records consistent throughout the admission process.",Nigerian University Admission Checklist: From Application to Clearance,Unavailable; not individually verified,,
https://sohconsults.com.ng/guides/how-to-verify-admission-information-online,guide,200,https://sohconsults.com.ng/guides/how-to-verify-admission-information-online,https://sohconsults.com.ng/guides/how-to-verify-admission-information-online,technically indexable,True,7,441,"index, follow; ",How to Verify Admission Information Before You Pay or Apply,"A simple verification method for checking admission notices, deadlines, portals and payment instructions before taking action.",How to Verify Admission Information Before You Pay or Apply,Unavailable; not individually verified,,
https://sohconsults.com.ng/guides/jamb-and-school-record-consistency-guide,guide,200,https://sohconsults.com.ng/guides/jamb-and-school-record-consistency-guide,https://sohconsults.com.ng/guides/jamb-and-school-record-consistency-guide,technically indexable,True,10,421,"index, follow; ",JAMB and School Record Consistency Guide for Admission Candidates,"What to compare across your JAMB profile, O'Level records and institution portal to reduce avoidable admission and clearance problems.",JAMB and School Record Consistency Guide for Admission Candidates,Unavailable; not individually verified,,
